tweet_id,author_id,inbound,created_at,text,response_tweet_id,in_response_to_tweet_id
1350185,434847,True,Fri Oct 27 17:15:25 +0000 2017,Worlds slowest @116076 ever at Presthaven Sands. It’s absolutely ridiculous!,1350184,
116434,141936,True,Thu Nov 23 14:18:19 +0000 2017,Not the best speeds in Glasgow City Centre! Can’t even find a server on 4G #3G #4G #O2 https://t.co/0fDM0eBAP4,116433,
949902,334421,True,Sat Oct 21 19:44:30 +0000 2017,.@115911 &amp; @TMobileHelp I hung up and called support for my issue but alerting you because this was very strange &amp; seems like a problem.,949900,
2217961,647980,True,Fri Nov 10 08:13:17 +0000 2017,any idea what’s happening on xcity - at Wylde green and train is just sitting outside station,2217960,
235842,172176,True,Thu Oct 05 07:42:35 +0000 2017,"hi! Is this an official apple email? If so, I didn’t buy anything that’s on this receipt! 😱😱 https://t.co/hzlwX5xX87",235840,
696105,286072,True,Thu Nov 23 09:12:33 +0000 2017,"really angry, when you run a double up promotion why would you not replenish stock?! I redeemed my points on the first day and had to return at a later date to buy my things yet everything I had in mind was out of stock!!! Waste of the points I'd accumulated!!!!",696102,
2618462,271774,True,Fri Nov 17 15:34:20 +0000 2017,I understand but nobody is replying back.  Please I need to go to work. @115873  @116276,,2618461.0
2106151,621628,True,Tue Nov 07 20:22:57 +0000 2017,You can't go wrong when Paddington bear is in the @marksandspencer #ChristmasAdvert,2106150,
837410,319296,True,Fri Oct 13 16:38:16 +0000 2017,IOS 10.3.3. I see my runs until last monday but i can not update anymore,837411,837408.0
2515734,550518,True,Sun Oct 29 14:47:26 +0000 2017,"I though you raised the throttle limit to 50GB @115913, i'm just over 23gb and can't even load wallpapers now. https://t.co/lFxnyCDKqr",2515733,
2736921,766496,True,Mon Nov 20 20:15:04 +0000 2017,SERIOUSLY WHAT IN THE FUCKING FUCK?! SINCE WHEN DOES A PHONE COMPANY HAVE TO TAKE CONTROL OF YOUR TWITTER TO CALL?!! https://t.co/yMETLgJ4A5,2736920,
2487570,710470,True,Wed Nov 15 16:06:37 +0000 2017,"Hi! I paid for a first class ticket from slc to San Diego on the now delayed 8:25 flight today, new plane got me booted to economy cabin. Please advise... Golding",2487568,
1849301,192197,True,Wed Oct 18 20:09:12 +0000 2017,When is the new update coming.. Can't bear the battery drain. ios 11.0.3,1849299,
2390092,688530,True,Tue Nov 14 08:32:48 +0000 2017,"I didn't book anythg yet, bcs i'm waiting for other friend's visa. That's why i asked, i would like to book KUL-CAN for next week date",2390094,2390091.0
2876556,798533,True,Tue Nov 28 03:56:47 +0000 2017,how is it that you have had so many service issues in Phoenix AZ over the last 6 months....I’ll let you have the two due to the bad storms we had months ago....,2876555,
2297078,666873,True,Sun Nov 26 15:44:11 +0000 2017,"Will do, but donations would be a nice feature to add",2297077,2297079.0
2184104,639727,True,Thu Nov 09 16:23:22 +0000 2017,"It’s 11 am; you literally just opened you can’t possibly be annoyed by now, and even if you are keep it to yourself..",2184103,2184105.0
2928387,810142,True,Wed Nov 29 05:19:45 +0000 2017,I placed order on 19th and it need to be delivered on 27th and not delivered till now. spoke with escalation team few times and not taking this complaint seriously. I requested apology letter and there is no update,2928386,
2625909,741732,True,Mon Oct 30 23:12:39 +0000 2017,Is this what toppings on half a pizza should look like? Pathetic https://t.co/FxtXNJELUz,2625908,
508863,236877,True,Fri Dec 01 22:22:02 +0000 2017,"Or at least make the different versions more clear. For example, it's hard to tell which of these is the explicit version and which is the censored version. https://t.co/1ycAQlILq9",508864,508861.0
464532,225460,True,Fri Dec 01 03:36:23 +0000 2017,See... https://t.co/OUMstbFEpT,464530,464533.0
1916579,570861,True,Fri Oct 27 05:24:36 +0000 2017,She tried that and they said to call the police because this is a private contractor. We are deleting our Uber app.,1916581,1916578.0
773362,304740,True,Wed Oct 11 21:35:19 +0000 2017,You don't need my address. Same would be true anywhere in the country!,"773360,773367",773368.0
517783,239401,True,Fri Dec 01 23:09:11 +0000 2017,hi could you pls respond?? Have sent you a DM with my details too. Due to have shopping delivered by 11pm today and there's still no sign of the driver. Twice before I've had drivers not making this night slot. Can you find out what's going on pls?,517782,
1575684,485522,True,Tue Oct 17 06:28:41 +0000 2017,Next stop...Hogwarts,1575683,1575685.0
2493516,711804,True,Tue Nov 14 14:35:32 +0000 2017,can i get some help?,2493515,
617568,266538,True,Wed Oct 25 17:33:13 +0000 2017,appreciate difficulty in answering but is the 19.20 eus-man likely to be on time? Or is it stuck somewhere further up on line?,617567,617569.0
170667,141170,True,Fri Nov 24 21:26:53 +0000 2017,"I did reboot the modem and router, it does say I have 3 bars but it doesn’t load anything",170666,
749636,299194,True,Thu Nov 23 13:14:03 +0000 2017,"By the time it actually takes for @299193 to deliver my iPhone I could of made my own, literally taking the piss now",749626,
2509814,401124,True,Wed Nov 15 00:25:42 +0000 2017,"I own Tecmo Bowl Throwback and it's not showing up in the ready to install area and on the Xbox One store it says See Price, but on the Xbox 360 online marketplace it says already purchased. Probably because on the 360 store it's labeled 'Full Game - Tecmo Bowl Throwback'.","2509816,2509812",2509817.0
249151,175192,True,Thu Oct 05 16:45:01 +0000 2017,"I ordered it a few days ago, Sunday I think it was and for the PS4.",249150,249152.0
377477,205573,True,Mon Oct 09 03:06:31 +0000 2017,4x you failed to deliver on prime 2-day orders to Beverly Hills CA in less than 4 days.,377475,
2678653,753760,True,Sun Nov 19 13:35:39 +0000 2017,Well said Trevor it's a total disgrace!,,2678652.0
624024,268132,True,Wed Nov 22 17:44:02 +0000 2017,I've a relative getting onto this service at Tiverton Parkway (should depart 16.18) who said she's still at Tiverton at 17.30!  What on earth is happening with this service?,624023,624025.0
2356126,680653,True,Mon Nov 13 19:13:24 +0000 2017,challenge is complete but I cant get the reward https://t.co/ROLaWqqlBV,2356124,
165858,154511,True,Fri Nov 24 21:19:56 +0000 2017,Sorry I cursed at u xx,,165857.0
780560,190208,True,Sat Oct 07 20:28:59 +0000 2017,You had better hope to God you get a good host for @115783 otherwise you're screwed and @115783 won't do anything about it,780559,
2885305,799250,True,Sat Aug 19 10:52:00 +0000 2017,Still no response?,2885307,2885304.0
76478,821845,True,Thu Nov 30 14:26:24 +0000 2017,You should also fire the flight attendants would did NOTHING to help...just kept the drinks flowing getting the passenger more intoxicated.,,76472.0
494460,232912,True,Thu Nov 30 22:42:39 +0000 2017,"Following up, did you see a savings on your bill?",494459,494461.0
79634,133670,True,Thu Nov 30 12:52:54 +0000 2017,First I wanna thank god for getting me through today’s drama with @AmericanAir. Because you guys took 600 out of my account for a 100 seat exchange...6 different transactions...now I don’t have the money to book a return flight.,"79632,79636",
1481275,463938,True,Fri Nov 03 01:23:44 +0000 2017,arrived at nyc hotel after long flight to be told this is the size bed you have booked for 2 adults to stay in! Floor it is https://t.co/r46DVFGTJQ,1481273,
1816051,545545,True,Mon Oct 16 02:43:55 +0000 2017,The @Delta shuttle from LGA to BOS is currently delayed longer than the flight itself.,1816050,
2203096,644188,True,Sat Nov 25 15:45:11 +0000 2017,"Awful service @134170 Uxbridge. Tried to return a dress (tag still attached so can’t wear it, not fit for purpose). Lost my receipt but used my Debenhams card &amp; has statement with me. Staff told me noting they could do even though the item is faulty and can’t be worn. Disgrace",2203094,
2512499,716055,True,Mon Oct 30 06:51:20 +0000 2017,Looking forward to be @116331 customer hope you guys will be fair to us.,,2512497.0
2399437,392318,True,Fri Oct 20 11:04:50 +0000 2017,I’ll book my next flight with someone else if that’s what you call “customer service”,2399436,
2757163,771621,True,Tue Nov 21 03:00:55 +0000 2017,I’m (not) connecting to my home WiFi that I pay for each month,2757162,2757164.0
1297271,423157,True,Thu Oct 26 22:13:12 +0000 2017,"Hi, I sent a DM now, just ahead of my upcoming trip. I'm very concerned, please assign a case manager immediately.",1297270,
309343,189880,True,Sat Oct 07 01:08:42 +0000 2017,i need help resetting my password but It says my date of birth is wrong I need help asap,309341,
871597,326935,True,Fri Oct 20 20:36:03 +0000 2017,Oh I tried as one of them rushed past recently. Took a few attempts to even get a coffee as there was no cup. And we’re running late,"871598,871599,871600",871596.0
329114,194458,True,Wed Oct 11 18:41:59 +0000 2017,I have DM'd you.,,329113.0
2599315,735868,True,Fri Nov 17 05:34:41 +0000 2017,made a mistake in a booking. Can't get through to Delta support. Sent in an email. Please help with this asap. Thank you,2599314,
2456485,703670,True,Tue Nov 14 23:05:44 +0000 2017,https://t.co/oIjGakO0oO,2456484,2456486.0
54702,128399,True,Sat Nov 11 04:11:51 +0000 2017,Throughout. It seems random on what shows and when it happens. Almost like it comes and goes. But always CBS shows.,,54701.0
2585714,263033,True,Fri Nov 17 00:25:11 +0000 2017,"and american air person i am her friend so be nice to me too, for no reason",2585712,2585715.0
422776,215671,True,Tue Oct 10 10:00:26 +0000 2017,"Onboarding @Delta flights at LAX Terminal 2. ✈️  #TerminalTuesday 

[Image Via: Agus Sutanto]",422775,
2057187,608413,True,Thu Oct 19 01:02:33 +0000 2017,Hahaha siiiiim,,2057186.0
1928488,573906,True,Thu Oct 26 21:18:09 +0000 2017,"WRONG ANDY.       Google DO SHOPS HAVE TO TAKE LEGAL TENDER
let alone £50 notes 
You'll get a surprise 
Not legally bound to",1928487,1928489.0
2887586,787975,True,Tue Nov 28 11:55:02 +0000 2017,".@British_Airways still awaiting reimbursement for damaged bags. Now 25hrs into my inbound trip, GTW flight canceled, overnight at LHR. RSVP",2887585,
1559887,482006,True,Sat Nov 04 13:33:41 +0000 2017,se os quiere 😘😘😘 https://t.co/ySRrdLrwUR,1559885,
2080197,615207,True,Mon Oct 09 21:16:18 +0000 2017,"Yes these are already on my block list. However, additional numbers call me daily and I’m in the Czech Republic",2080199,2080196.0
2189999,129839,True,Thu Nov 09 18:35:22 +0000 2017,#toptip if you are flying on a @British_Airways @119137 A380 in economy try and get seat 25D no seat in front 👍🛫 #mybedforthenight https://t.co/ykHZCuZi9Y,2189998,
725815,219672,True,Sun Oct 08 22:10:42 +0000 2017,"How many device can be streaming at the same time, for each plan @115940 offers? Trying to switch my plan soon for a better one @hulu_support",725814,
1408767,447438,True,Wed Nov 01 17:37:32 +0000 2017,Oq Aconteceu com o Suporte?,1408766,
1526831,474123,True,Fri Nov 03 21:34:47 +0000 2017,While she’s using her driver side fold down mirror to clean her teeth with a toothpick 🤦🏼‍♀️🤦🏼‍♀️,1526830,1526832.0
1249999,413282,True,Thu Oct 26 03:26:46 +0000 2017,Hasn't this been a problem for you? Why not take it seriously? https://t.co/OBD5i8ypA4,,1249998.0
1511604,470848,True,Fri Nov 03 17:48:10 +0000 2017,Still the best in the biz. ♥️,1511606,1511603.0
57626,129076,True,Wed Nov 01 21:37:53 +0000 2017,what about the complimentary food and drink my original BA CityFlyer service offered me and my fellow customers that was not made available?,,57624.0
1803413,541886,True,Fri Oct 13 14:53:33 +0000 2017,Premiere pro is fucking with my emotions right now... I’m 100% done on my latest video and it keeps freezing when I go to render.. bastard,1803412,
2633590,743592,True,Fri Nov 17 18:49:09 +0000 2017,"how comes your data ends in a second, just had 20mb refreshing twitter thrice my data is over how come and it has happened the whole day. i think its time to #resist. iyo ni upuzi no downloads or anything",2633589,
3242,116463,True,Sat Nov 25 22:33:04 +0000 2017,Oh @Delta you were very unhelpful :/ .: never had this problem in all my traveling.,3241,
1874669,559654,True,Sat Oct 21 22:43:12 +0000 2017,Today marks the 2nd time I’ve felt in danger while driving for @115879. People do the most....,1874668,
499345,234248,True,Mon May 02 10:27:50 +0000 2016,Cool. Banks can delete your Apple Pay cards when you close the account. Tesco didn't do it but Amex has. https://t.co/fo0IUtvOLf,499344,
1422269,450536,True,Thu Nov 02 08:59:42 +0000 2017,Oh so you believe he’ll be auto rebooked?,1422268,1422270.0
308482,189665,True,Sat Oct 07 00:42:26 +0000 2017,Dear @VirginAmerica take me home safely!!!!! #lalala #Homebound https://t.co/2JHD6eZnQf,"308481,308483",
2086696,617003,True,Tue Nov 07 00:39:51 +0000 2017,CenturyLink still playing with my damn wifi 😤😠😡👊🏾,2086695,
1863023,556691,True,Thu Oct 19 06:41:18 +0000 2017,why lightroom cc for ios don't support portrain mode with depth effect?,"1863022,1863024",
1316833,200660,True,Fri Oct 27 07:47:49 +0000 2017,can’t even preorder the @115858 #IphoneXPreOrder - your site/app sucks TMobile,1316832,
607793,264462,True,Wed Nov 22 22:02:01 +0000 2017,"I can’t find any matches or the ones i found are very laggy, Nat Open and wired connection on PS4",,607792.0
1733502,446480,True,Tue Nov 07 13:49:38 +0000 2017,"Was barred saying I need to register it, I went to Airtel centre and registered it again, after that I started receiving call from people","1733504,1733505",1733501.0
657981,276632,True,Wed Nov 22 23:08:05 +0000 2017,Ok... existe algún plan Familiar como es Amazon US?,657979,657982.0
2026256,235208,True,Mon Nov 06 17:34:55 +0000 2017,"Think I’m leaving @115911. T-Mobile says $425 down for iPhone X, @115725 says $0 and cut my bill $25/mo. 🤔 I’ve been w/ TM for years...",2026254,
1645809,502897,True,Sun Nov 05 17:13:58 +0000 2017,My psn has not active primary but it still says I do and can't activate it in my ps4 plz help my psn is jacob20021 and I don't know my dob,1645808,
2689711,756200,True,Sun Nov 19 13:51:00 +0000 2017,"Good to see “Live chat the quickest way to contact us..” Working well, only been waiting for 1 hour now! Pretty poor from you really.",2689709,
2026482,405340,True,Mon Nov 06 19:22:42 +0000 2017,was taken for about $54 at one of your stores. Told it was non-refundable AFTER the sale.  How can i get my money back?  Thanks.,2026481,
2501694,713607,True,Wed Nov 15 19:38:15 +0000 2017,worst customer service ever... it’s like they don’t care about what you have to say or if there is a problem...I’m so annoyed 🙈🤦🏼‍♀️👎🏻 #listen #foodwaste #why #itsjustfood #30minutes,2501693,
2627671,742155,True,Fri Nov 17 17:15:29 +0000 2017,"Demain, dans la journée, entre 8h et 19h...",2627672,2627670.0
1903063,567143,True,Wed Oct 25 01:34:28 +0000 2017,#mobile_Care why is my internet down? AGAIN?,1903062,
325661,193577,True,Sat Oct 07 15:47:15 +0000 2017,"I need a refund, you need to improve your security considering somebody was able to hack into my account. I need a refund of the 7 months I had left for my play station plus. Contact me as soon as possible because I just about done with you.",325659,
564862,252332,True,Sat Dec 02 08:01:49 +0000 2017,"tell human resources to fuck off, or whoever the recruiting agents are",564861,
701415,287436,True,Fri Nov 24 11:35:23 +0000 2017,Amazon customer service rep suggested me that because of black friday rush i should be expecting delay in delivery...well my suggestion to Amazon is that stop lying to customer then...don't tell Guranteed Next day delivery.,,701412.0
1187729,399290,True,Wed Oct 25 00:27:35 +0000 2017,Super thanks you - all sorted and payments refunded 👌🏼☺️,,1187728.0
488451,231295,True,Fri Dec 01 09:41:14 +0000 2017,..i need to locate my mum...who was on a flight last night to Abuja from terminal 5...apparently fight didn't leave UK,488450,
919771,338327,True,Tue Oct 10 18:17:04 +0000 2017,there’s still a glitch in ios 11 with the screen recording 😐,919770,
182097,153061,True,Sat Nov 25 01:33:23 +0000 2017,I honestly don't think Comcast cares about their customers as a company. Customer service is non existent and your internal business processes get in the way of customer satisfaction. #WorseCompanyEver #ComcastSucks,182095,182099.0
1980978,382438,True,Tue Oct 31 22:15:03 +0000 2017,hi! How do I refer someone to the inner circle plan?,1980976,
1747704,526852,True,Tue Nov 07 12:05:10 +0000 2017,"I keep getting error messages when trying to add funds to my wallet.  It says my card is invalid,  yet I've been using it?",1747702,
2710976,125972,True,Wed Nov 22 06:41:34 +0000 2017,It’s so awesome that you guys are on Twitter. Thank you for being here!,,2710975.0
44756,150836,True,Fri Nov 24 15:52:31 +0000 2017,"I'm trying to get away, not renew.",152427,44733.0
1783035,535719,True,Wed Oct 11 01:05:02 +0000 2017,Jus bought this game and can’t even play it wtf.,1783033,1783036.0
1842005,551997,True,Wed Oct 18 02:12:53 +0000 2017,"every single time i go faster than 1 push on the dvr fastforward, when i hit play it jumps 4 minutes. What's going on",1842004,
1071149,372770,True,Mon Oct 23 16:20:47 +0000 2017,yea that site was 100% unhelpful. i called the 1800 number and they figured it out for me. apparently it was recalled for safety reasons,,1071148.0
1629577,123241,True,Sat Oct 28 10:53:21 +0000 2017,Hi there. Sorry to hear about the delayed you experienced. Were you able to travel with your ticket? -Jamie,1629576,1629578.0
1636995,127543,True,Sun Nov 05 18:39:18 +0000 2017,reaching out to HP as it will still be under the 1 year warranty. HP can be reached at 1.800.474.6836 or at @HPSupport ^BP,"1636996,1636994",1636997.0
1401077,283149,True,Sat Oct 28 17:27:01 +0000 2017,Thanks I'll do so now 😁,,1401076.0
649457,135784,True,Wed Nov 22 00:48:17 +0000 2017,I continue to be inspired by the incredible community of Lyft drivers. https://t.co/jf4tvGPOLr,649456,
2123005,150700,True,Sun Nov 26 14:59:23 +0000 2017,Hi Aldi. Please accept my apologies. I miss understood my partner. She actually meant they had all been used! Another example of a husband not listening properly! :),,2123004.0
2696227,752886,True,Sun Nov 19 15:58:20 +0000 2017,Far too cold/ I was in the polar room at home last night so that explains it. Battery has been awful since iOS 11 update first came out though.,"2696228,2696226",2696229.0
1046299,367336,True,Tue Oct 24 07:11:16 +0000 2017,"My complaint reference 17121043.
Booking No. W76XXV
Flt. BA1395 OCT.22 2017.  14:00",,1046298.0
41886,125231,True,Mon Oct 30 21:41:04 +0000 2017,been having issues for three days now and totally down today. Any known issues?  Using AppleTV.,41885,
2951994,815132,True,Wed Nov 29 02:12:32 +0000 2017,you guys lost my car 😡,2951993,2951995.0
654815,275770,True,Fri Dec 01 12:28:26 +0000 2017,Christmas present for my nephew arrived ripped open! Thanks @116062 #toolatetosendback #Christmas #targetstores https://t.co/Fon8ytuyk8,654814,
1525275,473761,True,Fri Nov 03 21:11:46 +0000 2017,shoutout to @AmericanAir for the snacks while we were delayed ✌🏼 Biscoff cookies make everything better feel better,1525273,
669376,279630,True,Thu Nov 23 04:26:14 +0000 2017,", I'm completely appalled how I was treated as a consumer that valued your airline and service on a higher level than I was shown. I was offered a voucher for free coffee. Sorry @Delta , but I don't drink coffee and I don't think what I been through coffee will cover it.",669375,
2376559,685466,True,Tue Nov 14 03:11:49 +0000 2017,Thanks for the info Taylor,,2376558.0
403639,211539,True,Mon Oct 09 21:31:51 +0000 2017,Thanks. DM'd,403641,403638.0
379304,206006,True,Mon Oct 09 06:24:24 +0000 2017,It takes y'all 0 minutes to take money out of my account w/o my authorization but 3-5 days to return it. Okay @115821,379302,
980377,352453,True,Fri Oct 20 10:03:48 +0000 2017,I purchased an emote pack for Friday 13th but I can't access it. It just says this content is unavailable at this time.,980375,
327312,194015,True,Sat Nov 25 04:11:17 +0000 2017,"Anyone else seeing no keyboard on ios 11.1.2?  Twice today, not on any app.   Reboot restored.  /cc @AppleSupport",327311,
974809,351177,True,Sat Oct 21 20:01:22 +0000 2017,first customer experience and never again !!! Really bad customer service and fake rooms pictures...,974808,
1099859,315701,True,Mon Oct 23 22:05:02 +0000 2017,"You’d think if you had an airline w/ multiple flight delays, @AmericanAir would provide its guests with several customer assistance reps...",1099858,
823767,316224,True,Fri Oct 13 00:45:20 +0000 2017,Y'all really can't help lol,,823761.0
1643260,198366,True,Sun Nov 05 22:57:28 +0000 2017,what’s going on with the “I’s” https://t.co/YIhRADmZSs,1643259,
562462,251620,True,Sat Dec 02 13:41:43 +0000 2017,"hi, I have an issue with my spotify. it keep sayin that I have no internet connection, but I have 4G connection. and my spotify it's on online mode. I have tried to update,log out-log in my account and it's didn't work. any help ?",562461,
1027315,363089,True,Sat Oct 14 16:33:57 +0000 2017,no cable or internet service for 4 days now. Reported outage on Tuesday. 1st available tech not available until Monday,1027314,
280687,182810,True,Fri Oct 06 18:35:04 +0000 2017,Yes the inventory came bk in my stock. Again disappeared. Lol.,,280685.0
1547747,166676,True,Sat Nov 04 01:19:39 +0000 2017,"Customer service, doesn't understand, believe me, or know what I'm talking about, ridiculous",1547746,1547748.0
2963992,817825,True,Thu Nov 17 17:10:09 +0000 2016,"Yes I understand there is a limit, but why?",2963990,2963994.0
2517360,581211,True,Wed Nov 15 23:52:55 +0000 2017,Oh my gosh :((,2517357,2517361.0
2796583,461355,True,Mon Nov 27 00:44:39 +0000 2017,"Why is this consistently a problem? Why can’t you fix it? Why won’t you invest in your network to provide the service customers are already paying for and not receiving?

None of these questions require my account number, nor do they need to be hidden in a DM. Answers please.",2796580,2796584.0
1439115,453975,True,Thu Nov 02 10:58:18 +0000 2017,Happy Thursday thanks to @115821 charging my card 3 times for prime membership 🤗🤗,1439114,
411732,213225,True,Tue Oct 10 00:20:14 +0000 2017,"TCL Roku TV pushing XFinity 100MB/sec service. Netflix, Sling &amp; Amazon Prime all work fine on it.",,411730.0
2093892,618692,True,Thu Oct 19 03:28:06 +0000 2017,"not yet
but i'll keep you posted",,2093891.0
601596,262736,True,Sun Dec 03 19:26:46 +0000 2017,Hello I got banned on my account and I have no option to send a case review. Can you guys help me please?,601594,
1938983,332862,True,Sat Oct 28 06:02:00 +0000 2017,you guys lost customers tonight. I'd rather pay more to not be lied to.,1938982,
784393,307199,True,Thu Oct 12 05:39:17 +0000 2017,"It's all good, #Delta is always my ride! Love you guys! PMD# 9207395154",784391,784394.0
173392,156590,True,Fri Nov 24 19:08:10 +0000 2017,"if I start my run and then lock my phone so the screen is off, is my run still being tracked?",173390,
580963,256885,True,Sun Dec 03 11:50:50 +0000 2017,How ridiculous that @sainsburys wanted to charge me for the small veggie bag to protect a book I was purchasing today - because I wanted to keep it looking good for a present #seasonofgoodwill,580962,
1419616,450010,True,Thu Nov 02 00:07:41 +0000 2017,Order dog food in stock. Ship date changes 4 a week. Customer service doesn't understand English. I need the food it's not a pair of socks,1420061,1419615.0
418184,214773,True,Tue Oct 10 03:58:14 +0000 2017,Is there amazon delivery service in singapore? @115821,418182,
2793608,779565,True,Tue Nov 21 21:19:38 +0000 2017,"Definitely, these fees are crystal clear... continue operating with ambiguity and your customers will not continue flying with you. https://t.co/xQffF59lro","2793609,2793610",2793462.0
1879603,561005,True,Mon Oct 30 17:08:50 +0000 2017,"it’s all on my app. I’ve already sent info. You all can look up my app Kentrell Collins is my name, __email__ is my email",,1879602.0
771232,304192,True,Wed Oct 11 02:25:54 +0000 2017,"I can't stream, because it tells me that it can't load ads. But I have the no ad subscription. What is this?",771231,
1496310,467407,True,Fri Nov 03 12:14:08 +0000 2017,"keep getting this, i will try a new browser https://t.co/XkFnoNMX6E","1496312,1496313",1496309.0
1085977,376168,True,Fri Oct 13 17:53:39 +0000 2017,"Rachel, your answers are unsatisfactory. I'm recommending to you a new policy to combat the level of unaccountability of GWR.",,1085976.0
2120382,405934,True,Wed Nov 08 15:06:23 +0000 2017,Also my account is NOW locked for the third time. So I can't recreate an account to submit it.,,2120380.0
2130802,328163,True,Wed Nov 08 19:07:23 +0000 2017,Definitely the latter! Last year we were promised new carriages for 2017 😒,,2130800.0
885158,330184,True,Sat Oct 21 13:04:48 +0000 2017,Same problem when I use 4G,885159,885157.0
2613912,738949,True,Mon Nov 20 07:15:42 +0000 2017,Who will compensate the health problems I'm facing due to this issue. Its been more than a month now.,,2613910.0
1836989,418548,True,Wed Oct 18 17:19:39 +0000 2017,"Oh, well so long as the engineers are aware that the brand new trains have faulty doors! Will you offerdinner or just useless statements?!",,1836988.0
206430,164878,True,Thu Oct 05 00:15:11 +0000 2017,"Why doesn't @118625 deliver? I want a party box of tacos, but I'll be DAMNED if I gotta put on pants to get them.",206428,
478110,228591,True,Fri Dec 01 14:10:40 +0000 2017,Hey PK everything seems to have gone quiet and still no sign of the track on Spotify!,478112,478109.0
234785,171906,True,Thu Oct 05 13:18:14 +0000 2017,et @120534 sont horribles! J'ai attendu dans 2 jours pour la livraison le lendemain! Ils refusent de livrer à Agde https://t.co/UVbJUA3xML,"234784,234786",
1436818,453557,True,Thu Nov 02 14:05:38 +0000 2017,My phone really tripping,1436817,
431051,217499,True,Tue Oct 10 14:46:34 +0000 2017,Early morning departure #adieu #portland #Moregon #iflyalaska https://t.co/qLKibvGwlP,431050,
2117498,624102,True,Wed Nov 08 13:27:37 +0000 2017,"It’s a good job I have Twitter, other poor people on the train didn’t get any info off the guard at all! 👎",,2117497.0
510213,237226,True,Sat Nov 25 07:50:26 +0000 2017,Error Shows At The Time Of Windows 10 Update is (0x8018830f). FOR Lumia 730.need help to resolve the problem,510212,
401712,210996,True,Mon Oct 09 19:11:26 +0000 2017,so if I’ve been waiting on my ride over 30 minutes and have tried to contact them numerous times can I not be charged to cancel?,401711,
1604940,492343,True,Sun Nov 05 07:14:46 +0000 2017,We love you so much💞 Of course i want to help you💚 Always support you🌹,1604939,1604941.0
364927,202442,True,Sun Oct 08 19:31:48 +0000 2017,This is why people HATE airlines. @AmericanAir used to be a quality airline. This is a ripoff.  Expensive and you get NOTHING. https://t.co/EIGYnMwtcp,364925,
2473765,707309,True,Wed Nov 15 13:05:17 +0000 2017,is the service down west Chester pa area? My phone has been searching for service for the last hour.,2473764,
125582,144160,True,Thu Nov 23 19:48:41 +0000 2017,Happy Thanksgiving since you ruined mine with yet another $450 bill,125581,
1230872,208049,True,Mon Oct 16 13:22:47 +0000 2017,Why not just cancel? Viewer won't be watching content. You can always sign up again. Do you lose your watchlist information if you cancel?,1230874,1230871.0
1698833,515238,True,Mon Nov 06 23:55:04 +0000 2017,whats the deal with changing our itinerary and notifying us less then 24hrs before the flight?,1698832,
151011,250351,True,Mon Nov 20 15:00:34 +0000 2017,"NO YOU ARE NOT HERE TO HELP US. You personally may care, but B of A loves us only when we deposit large.",,151003.0
771432,242375,True,Wed Oct 11 21:36:30 +0000 2017,can you confirm if it's still possible to get Uber from Heathrow despite the issues? Not going to London.,"771433,771430",
658443,276758,True,Wed Nov 22 23:02:36 +0000 2017,How is it that I got my gigabit installed today and this is what it's outputting? https://t.co/KSmMh5X4kC,658442,
2737477,767043,True,Mon Nov 20 18:05:34 +0000 2017,Will you be stocking the Violife cheese platter at any shops in Cheshire? Northwich preferably #cheeseforchristmas,2737475,
2194260,642098,True,Thu Nov 09 19:50:39 +0000 2017,Disgraceful service at #UberEATS. After more than an hour they find out there is nobody to deliver the order. :-( Back to #Thuisbezorgd. https://t.co/WRCrcQIm3l,2194259,
2074503,613506,True,Thu Oct 19 01:50:05 +0000 2017,the queso is awful,2074502,
1944668,230312,True,Sun Oct 29 22:52:49 +0000 2017,What’s the current speed for @GWRHelp compensation claims?,1944667,
369916,203635,True,Fri Nov 03 19:05:58 +0000 2017,Nobody called me. I’ve asked for a month for the case manager to call and/or email me directly. __email__.,369917,369914.0
2232074,651263,True,Fri Nov 10 20:16:40 +0000 2017,You guys do replacement tacos?,,2232073.0
760064,301599,True,Wed Oct 11 22:45:30 +0000 2017,"I actually spoke with rep and we are dealing with it now, thank you very much for replying though I appreciate it.",760066,760063.0
136915,146883,True,Fri Nov 24 10:14:37 +0000 2017,"Jetzt läuft sie komischer weise. Hab alles versucht gehabt. Batterien gewechselt, Stick neu gestartet und zurückgesetzt, in den Einstellungen FB versucht zu suchen. Alles ohne Erfolg. Erst durch den Tweet mit euch wurde er aktiviert 🤔 komisch. Aber geht jetzt. Danke!",138257,136914.0
589774,259454,True,Sun Dec 03 15:56:12 +0000 2017,it appears to be an outage in Dunedin. Do you have an eta on solving this?,589773,
1108245,381552,True,Wed Nov 08 15:22:49 +0000 2017,"I was supposed to get 2-day delivery. Instead I got 4-days in transit. Still not here, I’m still annoyed.
Supposedly out for delivery today. #skeptical https://t.co/oSM8aKjpsQ",1108243,1108247.0
2765370,134059,True,Tue Nov 21 08:52:27 +0000 2017,"Yet three members of staff checking tickets seconds after we leave Euston, having just walked through a ticket barrier-pretty disappointing.",2765369,2765371.0
2204613,644609,True,Thu Nov 09 20:49:07 +0000 2017,I am HIGHLY disappointed @ChipotleTweets got rid of the chorizo option smh.... my bowl experience isn't nearly the same now! 😑😔😠😢,2204612,
733142,295433,True,Thu Oct 12 17:42:37 +0000 2017,I have been told that since April. Literally 10 months. How can your customer services be more inept than your train service?,,733141.0
467373,185625,True,Fri Dec 01 05:39:45 +0000 2017,"Is there a way to get in touch with a rep for our local distribution center? My past 3 shipments have been poorly packaged, with 2 of the 3 damaged. Support reps have been able to refund/compensate case by case, but I really just want my stuff to arrive intact.",467371,
172476,156306,True,Fri Nov 24 21:55:27 +0000 2017,"uhhh, can we get those Frank Ocean Endless tracks already plz?",172475,
1663530,173179,True,Mon Nov 06 09:45:30 +0000 2017,NO! Why did you try to charge my card for the Xbox One X today? I changed my shipping method to standard so I would be charged Tue!,1663528,
2424926,696372,True,Tue Nov 14 18:25:27 +0000 2017,your service has been crappy for the last week.  My and others signals have been less than LTE and sometimes it gets thrown into roaming.  I spoke with a rep about this and they state there is nothing wrong with the coverage in the area.  Clearly there is...,2424925,
2773369,775141,True,Tue Nov 21 14:23:17 +0000 2017,why am I getting charged for YYZ prices when I am by the airport and not at the terminals. 40+ to go a few km is insane.,2773367,
1618032,496112,True,Sat Nov 25 12:52:42 +0000 2017,what's with your promo code PERTHRACES17 promotion that doesn't work ? #ordinarymarketing #peoplearentidiots,1618031,
800527,144763,True,Thu Oct 12 15:19:07 +0000 2017,Here is my experience with @British_Airways Buy on Board from @243762! It was delicious! :P #inflightfeed #paxex https://t.co/N54DbAdFah,"800526,800528,800529",
208544,165324,True,Wed Oct 04 04:33:08 +0000 2017,"Also w/ @115783 it might be a good time to consider rebranding. The second ""B"" infers breakfast which isn't a part of most host agreements.",208542,
421429,215412,True,Tue Oct 10 08:14:33 +0000 2017,2/2 @AmericanAir is there an e-mail address I could forward the complaint to? Thanks in advance!,421428,
943788,343771,True,Sat Oct 14 08:11:50 +0000 2017,Thank you! It's my girlfriend's 40th birthday trip and my first long haul flight so we're very excited! See you soon @VirginAtlantic,,943787.0
1773020,168641,True,Tue Oct 17 22:44:15 +0000 2017,"Appreciate the reach out but at this point, we've already switched and closed our biz account. Fees were as described above - $10 for a cashiers check, $15 for every incoming and outgoing wire, ATM fees, etc.",1773022,1773019.0
1045006,346582,True,Mon Oct 23 09:58:58 +0000 2017,"It doesn't matter anymore, I give up. I have wasted 3 days of my time trying to get this sorted.",1045005,1045007.0
2981192,822243,True,Thu Nov 30 04:50:29 +0000 2017,"I called about moving the flight, but I was told nothing can be done because of the type of ticket I have...",,2981189.0
136275,146712,True,Fri Nov 24 08:35:48 +0000 2017,is there a reason you’re charging £7.95 for delivery of a dvd? 🤔,136273,
199144,162929,True,Wed Oct 04 12:46:35 +0000 2017,"Dear @118266 we need lyrics, not behind the lyrics. Thanks",199143,
100829,138053,True,Thu Nov 30 18:03:18 +0000 2017,But that does not explain why I would have to change trains. Why not simply allow me to stay on the same train.,100831,100828.0
1643377,339143,True,Sun Nov 05 21:35:28 +0000 2017,"Never thought I️ would be proud of Donna Brazile, but life is strange. https://t.co/OdLTEPXYXg",1643376,
2085774,616767,True,Fri Nov 03 17:44:00 +0000 2017,just ordered at my local drive thru and my order wrong and she proceeds to tell me I am wrong.  Great customer service!!!!!,2085773,
86987,135031,True,Thu Nov 30 09:59:01 +0000 2017,"And every time I’ve reached out, I’m told to reboot my phone. How many times??? 😫",86986,86988.0
1877796,177859,True,Sat Oct 21 00:52:53 +0000 2017,"Hey @115858 since the last update I have to charge my phone 3 times and day, it gets really hot, can’t adjust ring volume. When will u change",1877795,
2841827,790718,True,Wed Nov 29 22:03:51 +0000 2017,"CHEGOOOOU! Parece que enviaram de foguete, que atendimento lindo &lt;3",2841829,2841826.0
867088,325885,True,Fri Oct 20 17:57:08 +0000 2017,"Lungalunga centre, near the Lungalunga secondary school. The problem has been for a couple of days. 0714920821",,867087.0
592069,260116,True,Sun Dec 03 17:51:21 +0000 2017,"You did yes. I’ve checked my email, iPhone and iPad apps, and there’s been no progress.",,592068.0
2391933,688869,True,Fri Nov 17 13:33:49 +0000 2017,J'en suis à 7 jours et commande toujours pas expédiée pour des articles affichés en stock... Tout va bien dans la logistique Amazon...,2391934,2391929.0
844062,320689,True,Thu Nov 02 22:10:44 +0000 2017,"Still no word from you on why my account was blocked, all my mails have gone unattended. It's over 30 days. This is a disgrace Amazon!",,844058.0
2880884,238272,True,Tue Nov 28 14:19:41 +0000 2017,#pilots are always happy to have you on board ! 🏝🛫,,2880883.0
533003,243476,True,Sat Dec 02 10:11:00 +0000 2017,shambles this morning ... no trains between Didcot and Swindon and a replacement bus service that has one driver who needs 45 min breaks. Why no announcements on trains into Didcot to make us aware? #poorservice #train,533001,
2450810,702352,True,Sun Oct 29 15:38:58 +0000 2017,Are your halloween pumpkin donuts just pumpkin shaped or do they taste of pumpkin too? Also how long will they be for sale?,2450808,
2116422,417189,True,Wed Nov 08 13:34:59 +0000 2017,Trying to get tickets to leave from STX to the mainland is like making wine out of water 🤦🏽‍♀️ we need more flights @JetBlue @AmericanAir,"2116421,2116423",
917617,337851,True,Sat Oct 21 09:45:49 +0000 2017,Is there any plan to have the possibility to listen on echo device from the app. like spotify.,917616,
175742,157302,True,Sat Nov 25 02:41:37 +0000 2017,No i have a lan cable running from router to ps4,175744,175740.0
1940047,577043,True,Sun Oct 29 20:29:59 +0000 2017,Since the new update mine has been giving me trouble,1940046,1940048.0
2800056,455130,True,Wed Nov 22 00:07:30 +0000 2017,pls just add it into the game,,2800054.0
788975,308149,True,Thu Oct 12 10:52:02 +0000 2017,"PS4 and just this game, cannot find Ubisoft server, my friend does not have this issues and he his playing now",788977,788973.0
1560391,482125,True,Thu Nov 02 10:31:38 +0000 2017,Have shared the details..,,1560390.0
1012502,359585,True,Thu Oct 12 08:18:37 +0000 2017,"Come on @marksandspencer, what’s the reason for upping price by up to 39% in ROI at Christmas - just because you can? https://t.co/vtTdwL4NhC","1012501,1012503,1012504",
2311634,670392,True,Sun Nov 12 19:47:26 +0000 2017,"vou ter que restaurar meu celular de novo, ta feliz @AppleSupport?",2311633,
2281620,663203,True,Sat Nov 11 20:55:59 +0000 2017,2 hour delay and likely missing my connection to KOA...What a way to start vacation.,"2281619,2281621",
1114861,383094,True,Tue Oct 24 09:25:35 +0000 2017,"Guess what. They were no help! No item on its way, it’s just been refunded after 2 weeks. Awful customer service. Last time i’ll use amazon",,1114860.0
2049817,606166,True,Fri Oct 27 16:34:09 +0000 2017,We love getting fun notes with our packages! Thanks @MOO! 😄 #PassMeOn https://t.co/IPa3jpl7ik,2049816,
1447555,455920,True,Thu Nov 02 16:28:01 +0000 2017,Still not answering. Go and try the exact same booking I just told you. I can attempt this booking over and over and get same results.,,1447552.0
615945,342464,True,Wed Oct 11 00:58:50 +0000 2017,"I'm trying to add cloud saving to my @16699 game and can't tell if I broke it or if this is related. Thanks for the update, I'll try later",938443,615427.0
1028924,363461,True,Sat Oct 14 17:42:35 +0000 2017,Can attendant remind passengers of quiet coach rules on 5:30pm London-Glasgow train. Group of girls chatting &amp; drinking,"1028922,1028931,1028932",
645458,273228,True,Mon Sep 25 14:15:48 +0000 2017,And the external drive was formatted to NTFS through the NAS,645457,645459.0
2000689,591582,True,Thu Nov 02 23:10:22 +0000 2017,"hi there, my iPad seems to think it's 1970??",2000688,
2207539,645408,True,Thu Nov 09 23:00:36 +0000 2017,Mine doesn’t anymore,2207538,2207540.0
1687525,512459,True,Sun Nov 05 18:16:01 +0000 2017,I suspect it was staff since it was sold out everywhere &amp; I was on at 6 like a shot trying to re-reserve. Custom lost!,1687523,1687526.0
1456748,458107,True,Thu Nov 02 19:10:42 +0000 2017,but still a pretty surreal experience.,1456747,1456749.0
2366813,683208,True,Mon Nov 13 22:49:53 +0000 2017,I ordered food online and got extra corn...but you guys didn’t put ANY corn :(,2366812,
2483991,399056,True,Wed Nov 15 15:48:00 +0000 2017,Yeah I dont really see any option for subtitle errors across the many dropdown menus!,2483992,2483990.0
871998,327024,True,Fri Oct 13 00:36:06 +0000 2017,Ever seen the BBC video about the spaghetti harvest? Classic.,871997,871999.0
130322,145392,True,Fri Nov 24 06:20:57 +0000 2017,ガルパン劇場版がamazonプライムで見放題になってる,130321,
2757157,771620,True,Tue Nov 21 03:42:44 +0000 2017,I'm not using a Verizon router. Also that shouldn't be necessary as this has happened before and usually all you have to do is reset my network from your end.,2757158,2757156.0
2898644,120994,True,Sat Nov 25 15:38:21 +0000 2017,"have a fleet of these de-icing trains, several of which are based in the big sheds at Effingham Junction near Guildford. All they need is the staff to drive them and someone to check the weather forecast. https://t.co/pxPS1akJqX",2898643,2898645.0
1087081,376440,True,Sat Oct 14 23:52:25 +0000 2017,Hey @askciti Just told I have to call you whenever I travel so purchases made OOT won’t flag my accnt. 31-yr customer! Ridiculous!!!!!!!!!!,1087080,
2377936,685794,True,Wed Nov 08 22:19:26 +0000 2017,", I got on Call of Duty WW2 on xbox1 and could not get any orders and purchased a contract, soon after my game crashed and lost 1,000 credits and didn't get the contract. I also have the welcome to headquarters quests and I am now level 52, can u please fix this. Thanks",2377934,
415472,214068,True,Wed Oct 11 15:12:01 +0000 2017,Still awaiting for any action by you.,415473,415471.0
1081521,375123,True,Mon Oct 23 20:15:21 +0000 2017,It is the opposite of tubthumping,1081522,1081519.0
2050476,218746,True,Wed Oct 18 22:52:52 +0000 2017,Also @AmericanAir the overhead bins are empty...  so there's that,2050474,2050477.0
702023,287318,True,Thu Nov 23 16:39:51 +0000 2017,announcing black friday or cyber Mondayspecials yet,702022,
2503105,713908,True,Wed Nov 15 18:07:52 +0000 2017,i feel like bank of america is trying to tell me something https://t.co/KiwuEEL5o3,2503104,
1471550,401346,True,Fri Nov 03 00:21:33 +0000 2017,why is my internet so slow the past few weeks? Whatsup? I have 75 up 75 down internet. I swear i always have issue w/ u guys,"1471551,1471549",
2669512,344770,True,Sun Nov 19 00:23:45 +0000 2017,So will I definitely get my money back from Money Back Guarantee even if the seller doesn’t respond to my request of returning an item?,2669511,
1499783,468207,True,Fri Nov 03 14:27:14 +0000 2017,"Hi @119625 , Pls add @61893  starring @43388 directed by @59052 , missed it in cinemas.",1499782,
712261,290334,True,Tue Oct 10 22:55:17 +0000 2017,It's been 4 months-is there someone I can email about getting this fixed? I shouldn't have to call to scope out caribbean vacays from CLE,712263,712260.0
1323558,218809,True,Fri Oct 27 10:28:26 +0000 2017,trying to pre-order the Iphonex  but site is having issues.   Help!!,1323556,
545454,246803,True,Tue Nov 28 21:06:57 +0000 2017,So it doesn't matter how much I put in/have in the account? If I'm a student I can have the charges waived no problem?,"545453,545455",545456.0
596927,261509,True,Sun Dec 03 18:32:52 +0000 2017,"Dear @AppleSupport WHAT THE HELL HAVE YOU DONE WITH MY IPHONE.

IT KEEPS RESTARTING NO STOP.

GET YOUR SHIT TOGETHER APPLE.",596924,
72119,132190,True,Thu Nov 30 10:03:41 +0000 2017,"I missed 3 flights this week that I booked through Air Asia since I was stuck in Bali since Monday, could I ask for refund on my tickets or at least the bag check and meals that I prepaid for those flights?",72116,
1646901,169905,True,Mon Nov 06 01:11:19 +0000 2017,We are at 36min. Suggestion maybe after 15 turn off the dude who is trying to get me to use the app instead of calling.,1646900,1646902.0
